rowType,code,name,parentCode,unit,priceA,priceB,directoryCategory,navigation,branch,operation,patientOrToothCondition,quantityRule,exclusion,priceEvidenceLevel,clinicalEvidenceLevel,hospitalConfirmation,clinicalStatus,sourcePage
"main","012406000010000","牙髓活力测验费","","牙","5","5","诊查","检查与评估","常规根管治疗","本次实际实施操作","{}","按牙及实际实施数量","","A","C","是","根管候选；需临床与医保物价复核","4"
"main","012406000020000","颌位转移检查费","","次","480","480","诊查","检查与评估","","","{}","按次及实际实施数量","","A","C","是","仅目录；临床规则未审，不可开单","4"
"main","012406000030000","全口牙周系统检查费","","次","70","63","诊查","检查与评估","","","{}","按次及实际实施数量","012406000040000 / 012406000050000","A","C","是","仅目录；临床规则未审，不可开单","4"
"main","012406000040000","牙周探诊费","","次","45","41","诊查","检查与评估","","","{}","按次及实际实施数量","012406000030000","A","C","是","仅目录；临床规则未审，不可开单","4"
"main","012406000050000","牙周指数检查费","","项","20","18","诊查","检查与评估","","","{}","按项及实际实施数量","012406000030000","A","C","是","仅目录；临床规则未审，不可开单","4"
"main","012406000060000","咬合力检测费","","牙","15","15","诊查","检查与评估","","","{}","按牙及实际实施数量","","A","C","是","仅目录；临床规则未审，不可开单","5"
"main","012406000070000","下颌运动功能检查费","","次","40","40","诊查","检查与评估","","","{}","按次及实际实施数量","","A","C","是","仅目录；临床规则未审，不可开单","5"
"main","012406000080000","咀嚼效率检查费","","次","20","20","诊查","检查与评估","","","{}","按次及实际实施数量","","A","C","是","仅目录；临床规则未审，不可开单","5"
"main","012406000090000","唾液腺功能测定费","","次","15","15","诊查","黏膜与唾液腺治疗","","","{}","按次及实际实施数量","","A","C","是","仅目录；临床规则未审，不可开单","5"
"main","013105010010000","橡皮障隔离费","","次","10","10","牙体牙髓","跨治疗辅助项目","常规根管治疗","本次实际实施操作","{}","按次及实际实施数量","","A","C","是","根管候选；需临床与医保物价复核","5"
"main","013105010020000","牙体开髓引流费","","牙","42","42","牙体牙髓","","牙髓急症开髓引流","急症处置项目","{}","按牙及实际实施数量","013105010030000 / 013105010040000 / 013105010050000 / 013105010060000 / 013105010070000 / 013105010080000 / 013105010090000 / 013105010100000 / 013105010110000","A","C","是","根管候选；需临床与医保物价复核","5"
"main","013105010030000","牙髓失活费","","牙","27","27","牙体牙髓","","常规根管治疗","本次实际实施操作","{}","按牙及实际实施数量","","A","C","是","根管候选；需临床与医保物价复核","5"
"main","013105010040000","干髓治疗费","","牙","20","20","牙体牙髓","牙髓与根尖治疗（含根管）","","","{}","按牙及实际实施数量","","A","C","是","仅目录；临床规则未审，不可开单","5"
"main","013105010050000","根管预备费","","根管","142","142","牙体牙髓","","常规根管治疗","本次实际实施操作","{}","填写本次实际处理根管数；不得超过本牙参考总数","","A","C","是","根管候选；需临床与医保物价复核","5"
"main","013105010060000","根管冲洗费","","根管","12","12","牙体牙髓","","常规根管治疗","本次实际实施操作","{}","填写本次实际处理根管数；不得超过本牙参考总数","","A","C","是","根管候选；需临床与医保物价复核","5"
"main","013105010070000","根管充填费","","根管","114","114","牙体牙髓","","常规根管治疗","本次实际实施操作","{}","填写本次实际处理根管数；不得超过本牙参考总数","","A","C","是","根管候选；需临床与医保物价复核","6"
"main","013105010080000","根管再治疗费","","根管","100","100","牙体牙髓","","根管再治疗","根管再治疗项目","{}","填写本次实际处理根管数；不得超过本牙参考总数","","A","C","是","根管候选；需临床与医保物价复核","6"
"main","013105010090000","根管内异物取出费","","根管","600","600","牙体牙髓","","根管内异物取出","异物取出项目","{}","填写本次实际处理根管数；不得超过本牙参考总数","","A","C","是","根管候选；需临床与医保物价复核","6"
"main","013105010100000","活髓保存治疗费","","牙","125","125","牙体牙髓","牙髓与根尖治疗（含根管）","","","{}","按牙及实际实施数量","","A","C","是","仅目录；临床规则未审，不可开单","6"
"main","013105010110000","牙髓再生治疗费","","牙","1125","1125","牙体牙髓","牙髓与根尖治疗（含根管）","","","{}","按牙及实际实施数量","","A","C","是","仅目录；临床规则未审，不可开单","6"
"main","013105010120000","牙体缺损直接粘接修复费","","牙","110","110","牙体牙髓","牙体保存、充填与预防","","","{}","按牙及实际实施数量","013105010100001 / 013105010120013","A","C","是","仅目录；临床规则未审，不可开单","6"
"main","013105010130000","前牙形态修复费","","牙","自主定价","自主定价","牙体牙髓","牙体保存、充填与预防","","","{}","按牙及实际实施数量","","A","C","是","仅目录；临床规则未审，不可开单","7"
"main","013105010140000","窝沟封闭费","","牙","35","35","牙体牙髓","牙体保存、充填与预防","","","{}","按牙及实际实施数量","","A","C","是","仅目录；临床规则未审，不可开单","7"
"main","013105010150000","氟防龋治疗费","","牙","5","5","牙体牙髓","牙体保存、充填与预防","","","{}","按牙及实际实施数量","","A","C","是","仅目录；临床规则未审，不可开单","7"
"main","013105010160000","牙脱敏治疗费","","牙","12","12","牙体牙髓","牙体保存、充填与预防","","","{}","按牙及实际实施数量","","A","C","是","仅目录；临床规则未审，不可开单","7"
"main","013105010170000","牙齿内漂白费","","牙","自主定价","自主定价","牙体牙髓","牙体保存、充填与预防","","","{}","按牙及实际实施数量","","A","C","是","仅目录；临床规则未审，不可开单","7"
"main","013105010180000","全口牙齿漂白费","","次","自主定价","自主定价","牙体牙髓","牙体保存、充填与预防","","","{}","按次及实际实施数量","","A","C","是","仅目录；临床规则未审，不可开单","7"
"main","013105010190000","预成冠修复费","","牙","300","300","牙体牙髓","牙体保存、充填与预防","","","{""limit"":""未成年人""}","按牙及实际实施数量","","A","C","是","仅目录；临床规则未审，不可开单","7"
"main","013105010200000","颌间结扎费","","单颌","310","310","牙体牙髓","其他口腔外科","","","{}","按单颌及实际实施数量","","A","C","是","仅目录；临床规则未审，不可开单","7"
"main","013105010210000","颌间结扎拆除费","","单颌","65","65","牙体牙髓","其他口腔外科","","","{}","按单颌及实际实施数量","","A","C","是","仅目录；临床规则未审，不可开单","7"
"main","013105010220000","口腔无回吸辅助治疗费","","次","自主定价","自主定价","牙周","跨治疗辅助项目","","","{}","按次及实际实施数量","","A","C","是","仅目录；临床规则未审，不可开单","8"
"main","013105010230000","咬合板治疗费","","每件","2000","2000","牙周","咬合与口腔功能治疗","","","{}","按每件及实际实施数量","","A","C","是","仅目录；临床规则未审，不可开单","8"
"main","013105010240000","牙周冲洗上药费","","牙","8","8","牙周","牙周基础治疗","","","{}","按牙及实际实施数量","013105010260000 / 013105010290000","A","C","是","仅目录；临床规则未审，不可开单","8"
"main","013105010250000","牙周塞治费","","牙","10","10","牙周","牙周基础治疗","","","{}","按牙及实际实施数量","","A","C","是","仅目录；临床规则未审，不可开单","8"
"main","013105010260000","龈上洁治费","","牙","6","6","牙周","牙周基础治疗","","","{}","按牙及实际实施数量","013105010240000","A","C","是","仅目录；临床规则未审，不可开单","8"
"main","013105010270000","牙面抛光费","","牙","3","3","牙周","牙周基础治疗","","","{}","按牙及实际实施数量","","A","C","是","仅目录；临床规则未审，不可开单","8"
"main","013105010280000","牙面喷砂费","","牙","3","3","牙周","牙周基础治疗","","","{}","按牙及实际实施数量","","A","C","是","仅目录；临床规则未审，不可开单","8"
"main","013105010290000","龈下刮治费","","牙","12","12","牙周","牙周基础治疗","","","{}","按牙及实际实施数量","013105010240000","A","C","是","仅目录；临床规则未审，不可开单","8"
"main","013105010300000","松牙固定费","","牙","50","50","牙周","牙周基础治疗","","","{}","按牙及实际实施数量","","A","C","是","仅目录；临床规则未审，不可开单","8"
"main","013105010310000","松牙固定拆除费","","牙","4.5","4.5","牙周","牙周基础治疗","","","{}","按牙及实际实施数量","","A","C","是","仅目录；临床规则未审，不可开单","8"
"main","013105010320000","调合治疗费","","次","20","20","牙周","咬合与口腔功能治疗","","","{}","按次及实际实施数量","013105010120000 / 013105170060000","A","C","是","仅目录；临床规则未审，不可开单","8"
"main","013105010330000","牙根牵引费","","牙","250","250","牙周","咬合与口腔功能治疗","","","{""limit"":""未成年人""}","按牙及实际实施数量","","A","C","是","仅目录；临床规则未审，不可开单","9"
"main","013105010340000","唾液腺药物灌注费","","腺体·单侧","20","20","牙周","黏膜与唾液腺治疗","","","{}","按腺体·单侧及实际实施数量","","A","C","是","仅目录；临床规则未审，不可开单","9"
"main","013105010350000","口腔黏膜病局部药物治疗费","","病灶","22","22","牙周","黏膜与唾液腺治疗","","","{}","按病灶及实际实施数量","","A","C","是","仅目录；临床规则未审，不可开单","9"
"main","013105020010000","乳牙期错合矫治费（常规）","","疗程","2800","2800","正畸","正畸治疗","","","{}","按疗程及实际实施数量","","A","C","是","仅目录；临床规则未审，不可开单","9"
"main","013105020020000","乳牙期错合矫治费（复杂）","","疗程","4000","4000","正畸","正畸治疗","","","{}","按疗程及实际实施数量","","A","C","是","仅目录；临床规则未审，不可开单","9"
"main","013105020030000","替牙期 I 类错合矫治费（常规）","","疗程","6000","6000","正畸","正畸治疗","","","{}","按疗程及实际实施数量","","A","C","是","仅目录；临床规则未审，不可开单","9"
"main","013105020040000","替牙期 I 类错合矫治费（复杂）","","疗程","8500","8500","正畸","正畸治疗","","","{}","按疗程及实际实施数量","","A","C","是","仅目录；临床规则未审，不可开单","9"
"main","013105020050000","替牙期 II 类错合矫治费（常规）","","疗程","7000","7000","正畸","正畸治疗","","","{}","按疗程及实际实施数量","","A","C","是","仅目录；临床规则未审，不可开单","9"
"main","013105020060000","替牙期 II 类错合矫治费（复杂）","","疗程","10000","10000","正畸","正畸治疗","","","{}","按疗程及实际实施数量","","A","C","是","仅目录；临床规则未审，不可开单","9"
"main","013105020070000","替牙期 III 类错合矫治费（常规）","","疗程","8000","8000","正畸","正畸治疗","","","{}","按疗程及实际实施数量","","A","C","是","仅目录；临床规则未审，不可开单","9"
"main","013105020080000","替牙期 III 类错合矫治费（复杂）","","疗程","12000","12000","正畸","正畸治疗","","","{}","按疗程及实际实施数量","","A","C","是","仅目录；临床规则未审，不可开单","10"
"main","013105020090000","恒牙期 I 类错合矫治费（常规）","","疗程","16000","16000","正畸","正畸治疗","","","{}","按疗程及实际实施数量","","A","C","是","仅目录；临床规则未审，不可开单","10"
"main","013105020100000","恒牙期 I 类错合矫治费（复杂）","","疗程","22000","22000","正畸","正畸治疗","","","{}","按疗程及实际实施数量","","A","C","是","仅目录；临床规则未审，不可开单","10"
"main","013105020110000","恒牙期 II 类错合矫治费（常规）","","疗程","20500","20500","正畸","正畸治疗","","","{}","按疗程及实际实施数量","","A","C","是","仅目录；临床规则未审，不可开单","10"
"main","013105020120000","恒牙期 II 类错合矫治费（复杂）","","疗程","28500","28500","正畸","正畸治疗","","","{}","按疗程及实际实施数量","","A","C","是","仅目录；临床规则未审，不可开单","10"
"main","013105020130000","恒牙期 III 类错合矫治费（常规）","","疗程","20500","20500","正畸","正畸治疗","","","{}","按疗程及实际实施数量","","A","C","是","仅目录；临床规则未审，不可开单","10"
"main","013105020140000","恒牙期 III 类错合矫治费（复杂）","","疗程","28500","28500","正畸","正畸治疗","","","{}","按疗程及实际实施数量","","A","C","是","仅目录；临床规则未审，不可开单","10"
"main","013105020150000","恒牙期 I 类错合畸形功能治疗费","","疗程","7000","7000","正畸","正畸治疗","","","{}","按疗程及实际实施数量","","A","C","是","仅目录；临床规则未审，不可开单","11"
"main","013105020160000","恒牙期 II 类错合畸形功能治疗费","","疗程","8000","8000","正畸","正畸治疗","","","{}","按疗程及实际实施数量","","A","C","是","仅目录；临床规则未审，不可开单","11"
"main","013105020170000","恒牙期 III 类错合畸形功能治疗费","","疗程","9000","9000","正畸","正畸治疗","","","{}","按疗程及实际实施数量","","A","C","是","仅目录；临床规则未审，不可开单","11"
"main","013105020180000","新生儿唇腭裂术前治疗费","","疗程","2700","2700","正畸","正畸治疗","","","{}","按疗程及实际实施数量","","A","C","是","仅目录；临床规则未审，不可开单","11"
"main","013105020190000","睡眠呼吸暂停综合征口腔正畸辅助治疗费","","疗程","7000","7000","正畸","正畸治疗","","","{}","按疗程及实际实施数量","","A","C","是","仅目录；临床规则未审，不可开单","11"
"main","013105020200000","局部正畸治疗费","","象限·疗程","5600","5600","正畸","正畸治疗","","","{}","按象限·疗程及实际实施数量","","A","C","是","仅目录；临床规则未审，不可开单","11"
"main","013105020210000","口腔固定保持器安装费","","单颌","280","280","正畸","正畸治疗","","","{}","按单颌及实际实施数量","","A","C","是","仅目录；临床规则未审，不可开单","11"
"main","013105020220000","口腔固定保持器拆除费","","单颌","140","140","正畸","正畸治疗","","","{}","按单颌及实际实施数量","","A","C","是","仅目录；临床规则未审，不可开单","11"
"main","013105020230000","错合畸形治疗设计费","","次","600","600","正畸","正畸治疗","","","{}","按次及实际实施数量","","A","C","是","仅目录；临床规则未审，不可开单","11"
"main","013105170050000","临时固定修复费","","牙位","166","166","修复","固定修复","","","{}","按牙位及实际实施数量","","A","C","是","仅目录；临床规则未审，不可开单","11"
"main","013105170060000","修复体固定修复费","","牙位","2000","2000","修复","固定修复","","","{}","按牙位及实际实施数量","","A","C","是","仅目录；临床规则未审，不可开单","11"
"main","013105170070000","桩核修复费","","根管","630","630","修复","固定修复","","","{}","填写本次实际处理根管数；不得超过本牙参考总数","","A","C","是","仅目录；临床规则未审，不可开单","12"
"main","013105170080000","附着体修复费","","牙位","900","900","修复","固定修复","","","{}","按牙位及实际实施数量","","A","C","是","仅目录；临床规则未审，不可开单","12"
"main","013105170090000","全口义齿修复费","","单颌","3500","3500","修复","活动修复与赝复","","","{}","按单颌及实际实施数量","","A","C","是","仅目录；临床规则未审，不可开单","12"
"main","013105170100000","胶连可摘局部义齿修复费","","牙位","264","264","修复","活动修复与赝复","","","{}","按牙位及实际实施数量","","A","C","是","仅目录；临床规则未审，不可开单","12"
"main","013105170110000","铸造支架可摘局部义齿修复费","","牙位","500","500","修复","活动修复与赝复","","","{}","按牙位及实际实施数量","","A","C","是","仅目录；临床规则未审，不可开单","12"
"main","013105170120000","颌骨/颞部缺损赝复体修复费（常规）","","每件","2800","2800","修复","活动修复与赝复","","","{}","按每件及实际实施数量","","A","C","是","仅目录；临床规则未审，不可开单","12"
"main","013105170130000","颌骨/颞部缺损赝复体修复费（复杂）","","每件","4200","4200","修复","活动修复与赝复","","","{}","按每件及实际实施数量","","A","C","是","仅目录；临床规则未审，不可开单","13"
"main","013105170140000","面部缺损赝复体修复费","","每件","7000","7000","修复","活动修复与赝复","","","{}","按每件及实际实施数量","","A","C","是","仅目录；临床规则未审，不可开单","13"
"main","013105190020000","修复体拆除费","","修复体","80","80","修复","固定修复","","","{}","按修复体及实际实施数量","","A","C","是","仅目录；临床规则未审，不可开单","13"
"main","013105190030000","修复体维护费","","牙位","100","100","修复","固定修复","","","{}","按牙位及实际实施数量","","A","C","是","仅目录；临床规则未审，不可开单","13"
"main","013306020010000","正畸支抗钉植入费","","每钉","360","360","外科","正畸治疗","","","{}","按每钉及实际实施数量","","A","C","是","仅目录；临床规则未审，不可开单","13"
"main","013306020020000","根尖诱导成形费","","根管","90","90","外科","牙髓与根尖治疗（含根管）","","","{""limit"":""未成年人""}","填写本次实际处理根管数；不得超过本牙参考总数","","A","C","是","仅目录；临床规则未审，不可开单","13"
"main","013306020030000","根尖屏障手术费","","根管","300","300","外科","牙髓与根尖治疗（含根管）","","","{}","填写本次实际处理根管数；不得超过本牙参考总数","","A","C","是","仅目录；临床规则未审，不可开单","13"
"main","013306020040000","根尖手术费","","根管","500","500","外科","牙髓与根尖治疗（含根管）","","","{}","填写本次实际处理根管数；不得超过本牙参考总数","","A","C","是","仅目录；临床规则未审，不可开单","13"
"main","013306020050000","牙拔除费","","牙","80","80","外科","拔牙与拔牙创处理","","","{}","按牙及实际实施数量","013306020200000","A","C","是","仅目录；临床规则未审，不可开单","14"
"conditionalPrice","013306020050000","牙拔除费（乳牙）","013306020050000","牙","11","11","外科","拔牙与拔牙创处理","","","{""toothType"":""primary""}","按牙及实际实施数量","013306020050001","A","C","是","PDF条件价已核；临床路径未审，不可开单","14"
"main","013306020060000","阻生牙拔除费","","牙","210","210","外科","拔牙与拔牙创处理","","","{}","按牙及实际实施数量","013306020200000 / 013306020100000","A","C","是","仅目录；临床规则未审，不可开单","14"
"main","013306020070000","阻生牙开窗助萌费","","牙","100","100","外科","拔牙与拔牙创处理 / 正畸治疗","","","{}","按牙及实际实施数量","","A","C","是","仅目录；临床规则未审，不可开单","14"
"main","013306020080000","阻生牙牙冠切除费","","牙","260","260","外科","拔牙与拔牙创处理","","","{}","按牙及实际实施数量","","A","C","是","仅目录；临床规则未审，不可开单","14"
"main","013306020090000","拔牙创搔刮费","","牙","30","30","外科","拔牙与拔牙创处理","","","{}","按牙及实际实施数量","","A","C","是","仅目录；临床规则未审，不可开单","14"
"main","013306020100000","阻生牙龈瓣修整费","","牙","55","55","外科","拔牙与拔牙创处理","","","{}","按牙及实际实施数量","013306020060000","A","C","是","仅目录；临床规则未审，不可开单","15"
"main","013306020110000","预防性拔牙窝组织封闭费","","牙","600","600","外科","拔牙与拔牙创处理","","","{}","按牙及实际实施数量","","A","C","是","仅目录；临床规则未审，不可开单","15"
"main","013306020120000","牙移植费","","牙","220","220","外科","拔牙与拔牙创处理","","","{}","按牙及实际实施数量","","A","C","是","仅目录；临床规则未审，不可开单","15"
"main","013306020130000","口腔良性肿物切除费","","病灶","250","250","外科","其他口腔外科","","","{}","按病灶及实际实施数量","","A","C","是","仅目录；临床规则未审，不可开单","15"
"main","013306020140000","口腔系带修整费","","次","150","150","外科","其他口腔外科","","","{""limit"":""未成年人""}","按次及实际实施数量","","A","C","是","仅目录；临床规则未审，不可开单","15"
"main","013306020150000","颌骨病变刮切费（口内）","","次","930","930","外科","其他口腔外科","","","{}","按次及实际实施数量","","A","C","是","仅目录；临床规则未审，不可开单","15"
"main","013306020160000","颌骨病变刮切费（颌面部）","","次","347","347","外科","其他口腔外科","","","{}","按次及实际实施数量","","A","C","是","仅目录；临床规则未审，不可开单","16"
"main","013306020170000","颌骨囊肿减压费","","病灶","374","374","外科","其他口腔外科","","","{}","按病灶及实际实施数量","","A","C","是","仅目录；临床规则未审，不可开单","16"
"main","013306020180000","口腔牵引钉植入费","","次","500","500","外科","其他口腔外科 / 正畸治疗","","","{}","按次及实际实施数量","","A","C","是","仅目录；临床规则未审，不可开单","16"
"main","013306020190000","口腔牵引钉取出费","","次","15","15","外科","其他口腔外科 / 正畸治疗","","","{}","按次及实际实施数量","","A","C","是","仅目录；临床规则未审，不可开单","16"
"main","013306020200000","口腔骨突修整费","","牙","124","124","外科","其他口腔外科","","","{}","按牙及实际实施数量","","A","C","是","仅目录；临床规则未审，不可开单","16"
"main","013306020210000","牙槽突骨折复位固定费","","牙","330","330","外科","其他口腔外科","","","{}","按牙及实际实施数量","","A","C","是","仅目录；临床规则未审，不可开单","16"
"main","013306020220000","黏膜切开引流费（口内）","","次","28","28","外科","其他口腔外科","","","{}","按次及实际实施数量","","A","C","是","仅目录；临床规则未审，不可开单","17"
"main","013306020230000","黏膜切开引流费（颌面部）","","次","174","174","外科","其他口腔外科","","","{}","按次及实际实施数量","","A","C","是","仅目录；临床规则未审，不可开单","17"
"main","013306020240000","下牙槽神经探查解剖费","","次","625","625","外科","其他口腔外科","","","{}","按次及实际实施数量","","A","C","是","仅目录；临床规则未审，不可开单","17"
"main","013306020250000","口腔上颌窦瘘修补费","","单侧","550","550","外科","其他口腔外科","","","{}","按单侧及实际实施数量","","A","C","是","仅目录；临床规则未审，不可开单","17"
"main","013306020260000","口内游离软组织移植费","","牙位","226","226","外科","其他口腔外科","","","{}","按牙位及实际实施数量","","A","C","是","仅目录；临床规则未审，不可开单","17"
"main","013306020270000","根面平整费","","牙","22","22","外科","牙周基础治疗","","","{}","按牙及实际实施数量","013105010240000","A","C","是","仅目录；临床规则未审，不可开单","17"
"main","013306020280000","牙周翻瓣费","","牙","120","120","外科","牙周手术","","","{}","按牙及实际实施数量","013306020270000","A","C","是","仅目录；临床规则未审，不可开单","18"
"main","013306020290000","牙龈成形费","","牙","110","110","外科","牙周手术","","","{}","按牙及实际实施数量","","A","C","是","仅目录；临床规则未审，不可开单","18"
"main","013306020300000","游离龈移植费","","牙","500","500","外科","牙周手术","","","{}","按牙及实际实施数量","","A","C","是","仅目录；临床规则未审，不可开单","18"
"main","013306020310000","引导性牙周组织再生费","","牙","220","220","外科","牙周手术","","","{}","按牙及实际实施数量","","A","C","是","仅目录；临床规则未审，不可开单","18"
"main","013306020320000","牙周纤维环状切断费","","牙","66","66","外科","牙周手术 / 正畸治疗","","","{}","按牙及实际实施数量","","A","C","是","仅目录；临床规则未审，不可开单","18"
"main","013306020330000","皮质骨切开费","","牙","420","420","外科","其他口腔外科 / 正畸治疗","","","{}","按牙及实际实施数量","","A","C","是","仅目录；临床规则未审，不可开单","18"
"main","013306020340000","唾液腺导管取石费","","腺体·单侧","108","108","外科","黏膜与唾液腺治疗","","","{}","按腺体·单侧及实际实施数量","","A","C","是","仅目录；临床规则未审，不可开单","19"
"main","013306020350000","唾液腺导管治疗费","","腺体·单侧","50","50","外科","黏膜与唾液腺治疗","","","{}","按腺体·单侧及实际实施数量","","A","C","是","仅目录；临床规则未审，不可开单","19"
"add","013105010020001","牙体开髓引流费—儿童（加收）","013105010020000","牙","13","13","牙体牙髓","","牙髓急症开髓引流","急症处置项目","{""patient"":""child""}","按牙及实际实施数量","013105010030000 / 013105010040000 / 013105010050000 / 013105010060000 / 013105010070000 / 013105010080000 / 013105010090000 / 013105010100000 / 013105010110000","A","C","是","根管候选；需临床与医保物价复核","5"
"add","013105010030001","牙髓失活费—儿童（加收）","013105010030000","牙","8","8","牙体牙髓","","常规根管治疗","本次实际实施操作","{""patient"":""child""}","按牙及实际实施数量","","A","C","是","根管候选；需临床与医保物价复核","5"
"add","013105010050001","根管预备费—儿童（加收）","013105010050000","根管","43","43","牙体牙髓","","常规根管治疗","本次实际实施操作","{""patient"":""child""}","填写本次实际处理根管数；不得超过本牙参考总数","","A","C","是","根管候选；需临床与医保物价复核","5"
"add","013105010050011","根管预备费—根管异常（加收）","013105010050000","根管","114","114","牙体牙髓","","常规根管治疗","本次实际实施操作","{""anomaly"":true}","填写本次实际处理根管数；不得超过本牙参考总数","","A","C","是","根管候选；需临床与医保物价复核","5"
"extend","013105010060100","根管冲洗费—根管封药费（扩展）","013105010060000","根管","12","12","牙体牙髓","","常规根管治疗","本次实际实施操作","{""medication"":true}","填写本次实际处理根管数；不得超过本牙参考总数","","A","C","是","根管候选；需临床与医保物价复核","6"
"add","013105010070001","根管充填费—儿童（加收）","013105010070000","根管","34","34","牙体牙髓","","常规根管治疗","本次实际实施操作","{""patient"":""child""}","填写本次实际处理根管数；不得超过本牙参考总数","","A","C","是","根管候选；需临床与医保物价复核","6"
"add","013105010070011","根管充填费—根管异常（加收）","013105010070000","根管","91","91","牙体牙髓","","常规根管治疗","本次实际实施操作","{""anomaly"":true}","填写本次实际处理根管数；不得超过本牙参考总数","","A","C","是","根管候选；需临床与医保物价复核","6"
"extend","013105010070100","根管充填费—乳牙根管充填（扩展）","013105010070000","根管","114","114","牙体牙髓","","常规根管治疗","本次实际实施操作","{""tooth"":""primary""}","填写本次实际处理根管数；不得超过本牙参考总数","","A","C","是","根管候选；需临床与医保物价复核","6"
"add","013105010090001","根管内异物取出费—根尖段异物取出（加收）","013105010090000","根管","300","300","牙体牙髓","","根管内异物取出","异物取出项目","{}","填写本次实际处理根管数；不得超过本牙参考总数","","A","C","是","根管候选；需临床与医保物价复核","6"
"reduce","013105010100001","活髓保存治疗费—间接盖髓（减收）","013105010100000","牙","105","105","牙体牙髓","牙髓与根尖治疗（含根管）","","","{}","按牙及实际实施数量","","A","C","是","仅目录；临床规则未审，不可开单","6"
"add","013105010110001","牙髓再生治疗费—自体血支架制备（加收）","013105010110000","牙","1125","1125","牙体牙髓","牙髓与根尖治疗（含根管）","","","{}","按牙及实际实施数量","","A","C","是","仅目录；临床规则未审，不可开单","6"
"add","013105010120001","牙体缺损直接粘接修复费—儿童（加收）","013105010120000","牙","33","33","牙体牙髓","牙体保存、充填与预防","","","{}","按牙及实际实施数量","013105010100001 / 013105010120013","A","C","是","仅目录；临床规则未审，不可开单","6"
"add","013105010120011","牙体缺损直接粘接修复费—牙体大面积缺损（加收）","013105010120000","牙","110","110","牙体牙髓","牙体保存、充填与预防","","","{}","按牙及实际实施数量","013105010100001 / 013105010120013","A","C","是","仅目录；临床规则未审，不可开单","6"
"reduce","013105010120012","牙体缺损直接粘接修复费—暂封（减收）","013105010120000","牙","60","60","牙体牙髓","牙体保存、充填与预防","","","{}","按牙及实际实施数量","013105010100001 / 013105010120013","A","C","是","仅目录；临床规则未审，不可开单","6"
"reduce","013105010120013","牙体缺损直接粘接修复费—银汞合金充填（减收）","013105010120000","牙","60","60","牙体牙髓","牙体保存、充填与预防","","","{}","按牙及实际实施数量","013105010100001 / 013105010120013","A","C","是","仅目录；临床规则未审，不可开单","7"
"add","013105010130001","前牙形态修复费—舌腭面形态辅助修复（加收）","013105010130000","牙","自主定价","自主定价","牙体牙髓","牙体保存、充填与预防","","","{}","按牙及实际实施数量","","A","C","是","仅目录；临床规则未审，不可开单","7"
"extend","013105010170100","牙齿内漂白费—牙脱色费（扩展）","013105010170000","牙","自主定价","自主定价","牙体牙髓","牙体保存、充填与预防","","","{}","按牙及实际实施数量","","A","C","是","仅目录；临床规则未审，不可开单","7"
"extend","013105010180100","全口牙齿漂白费—牙列套漂白费（扩展）","013105010180000","次","自主定价","自主定价","牙体牙髓","牙体保存、充填与预防","","","{}","按次及实际实施数量","","A","C","是","仅目录；临床规则未审，不可开单","7"
"add","013105010200001","颌间结扎费—儿童（加收）","013105010200000","单颌","93","93","牙体牙髓","其他口腔外科","","","{}","按单颌及实际实施数量","","A","C","是","仅目录；临床规则未审，不可开单","7"
"add","013105010210001","颌间结扎拆除费—儿童（加收）","013105010210000","单颌","20","20","牙体牙髓","其他口腔外科","","","{}","按单颌及实际实施数量","","A","C","是","仅目录；临床规则未审，不可开单","7"
"add","013105010230001","咬合板治疗费—减材/增材咬合板（加收）","013105010230000","每件","1000","1000","牙周","咬合与口腔功能治疗","","","{}","按每件及实际实施数量","","A","C","是","仅目录；临床规则未审，不可开单","8"
"reduce","013105010230002","咬合板治疗费—弹性咬合板（减收）","013105010230000","每件","1000","1000","牙周","咬合与口腔功能治疗","","","{}","按每件及实际实施数量","","A","C","是","仅目录；临床规则未审，不可开单","8"
"extend","013105010250100","牙周塞治费—口腔局部止血费（扩展）","013105010250000","牙","10","10","牙周","牙周基础治疗","","","{}","按牙及实际实施数量","","A","C","是","仅目录；临床规则未审，不可开单","8"
"add","013105010260001","龈上洁治费—一种植牙洁治（加收）","013105010260000","牙","6","6","牙周","牙周基础治疗","","","{}","按牙及实际实施数量","013105010240000","A","C","是","仅目录；临床规则未审，不可开单","8"
"add","013105010290001","龈下刮治费—一种植体龈下刮治（加收）","013105010290000","牙","12","12","牙周","牙周基础治疗","","","{}","按牙及实际实施数量","013105010240000","A","C","是","仅目录；临床规则未审，不可开单","8"
"extend","013105010300100","松牙固定费—外伤牙固定费（扩展）","013105010300000","牙","50","50","牙周","牙周基础治疗","","","{}","按牙及实际实施数量","","A","C","是","仅目录；临床规则未审，不可开单","8"
"add","013105170060001","修复体固定修复费—即刻修复（加收）","013105170060000","牙位","600","600","修复","固定修复","","","{}","按牙位及实际实施数量","","A","C","是","仅目录；临床规则未审，不可开单","12"
"add","013105170060011","修复体固定修复费—复杂修复体固定修复（加收）","013105170060000","牙位","600","600","修复","固定修复","","","{}","按牙位及实际实施数量","","A","C","是","仅目录；临床规则未审，不可开单","12"
"add","013105170070001","桩核修复费—一体化纤维桩核（加收）","013105170070000","根管","630","630","修复","固定修复","","","{}","填写本次实际处理根管数；不得超过本牙参考总数","","A","C","是","仅目录；临床规则未审，不可开单","12"
"extend","013105170080100","附着体修复费—套筒冠修复（扩展）","013105170080000","牙位","900","900","修复","固定修复","","","{}","按牙位及实际实施数量","","A","C","是","仅目录；临床规则未审，不可开单","12"
"add","013105170090001","全口义齿修复费—复杂全口义齿修复（加收）","013105170090000","单颌","1750","1750","修复","活动修复与赝复","","","{}","按单颌及实际实施数量","","A","C","是","仅目录；临床规则未审，不可开单","12"
"add","013105170110001","铸造支架可摘局部义齿修复费—复杂铸造支架（加收）","013105170110000","牙位","250","250","修复","活动修复与赝复","","","{}","按牙位及实际实施数量","","A","C","是","仅目录；临床规则未审，不可开单","12"
"add","013306020010001","正畸支抗钉植入费—儿童（加收）","013306020010000","每钉","108","108","外科","正畸治疗","","","{}","按每钉及实际实施数量","","A","C","是","仅目录；临床规则未审，不可开单","13"
"add","013306020020001","根尖诱导成形费—儿童（加收）","013306020020000","根管","27","27","外科","牙髓与根尖治疗（含根管）","","","{}","填写本次实际处理根管数；不得超过本牙参考总数","","A","C","是","仅目录；临床规则未审，不可开单","13"
"add","013306020030001","根尖屏障手术费—儿童（加收）","013306020030000","根管","90","90","外科","牙髓与根尖治疗（含根管）","","","{}","填写本次实际处理根管数；不得超过本牙参考总数","","A","C","是","仅目录；临床规则未审，不可开单","13"
"extend","013306020030100","根尖屏障手术费—髓腔穿孔修补费（扩展）","013306020030000","根管","300","300","外科","牙髓与根尖治疗（含根管）","","","{}","填写本次实际处理根管数；不得超过本牙参考总数","","A","C","是","仅目录；临床规则未审，不可开单","13"
"add","013306020040001","根尖手术费—儿童（加收）","013306020040000","根管","150","150","外科","牙髓与根尖治疗（含根管）","","","{}","填写本次实际处理根管数；不得超过本牙参考总数","","A","C","是","仅目录；临床规则未审，不可开单","13"
"add","013306020040011","根尖手术费—复杂根尖手术（加收）","013306020040000","根管","500","500","外科","牙髓与根尖治疗（含根管）","","","{}","填写本次实际处理根管数；不得超过本牙参考总数","","A","C","是","仅目录；临床规则未审，不可开单","13"
"add","013306020050001","牙拔除费—儿童（加收）","013306020050000","牙","24","24","外科","拔牙与拔牙创处理","","","{}","按牙及实际实施数量","013306020200000","A","C","是","仅目录；临床规则未审，不可开单","14"
"add","013306020050011","牙拔除费—复杂牙拔除（加收）","013306020050000","牙","40","40","外科","拔牙与拔牙创处理","","","{}","按牙及实际实施数量","013306020200000","A","C","是","仅目录；临床规则未审，不可开单","14"
"add","013306020060001","阻生牙拔除费—儿童（加收）","013306020060000","牙","63","63","外科","拔牙与拔牙创处理","","","{}","按牙及实际实施数量","013306020200000 / 013306020100000","A","C","是","仅目录；临床规则未审，不可开单","14"
"add","013306020060011","阻生牙拔除费—复杂阻生牙拔除（加收）","013306020060000","牙","210","210","外科","拔牙与拔牙创处理","","","{}","按牙及实际实施数量","013306020200000 / 013306020100000","A","C","是","仅目录；临床规则未审，不可开单","14"
"extend","013306020060100","阻生牙拔除费—多生牙拔除（扩展）","013306020060000","牙","210","210","外科","拔牙与拔牙创处理","","","{}","按牙及实际实施数量","013306020200000 / 013306020100000","A","C","是","仅目录；临床规则未审，不可开单","14"
"add","013306020070001","阻生牙开窗助萌费—儿童（加收）","013306020070000","牙","30","30","外科","拔牙与拔牙创处理 / 正畸治疗","","","{}","按牙及实际实施数量","","A","C","是","仅目录；临床规则未审，不可开单","14"
"add","013306020070011","阻生牙开窗助萌费—骨阻生开窗助萌（加收）","013306020070000","牙","100","100","外科","拔牙与拔牙创处理 / 正畸治疗","","","{}","按牙及实际实施数量","","A","C","是","仅目录；临床规则未审，不可开单","14"
"add","013306020080001","阻生牙牙冠切除费—儿童（加收）","013306020080000","牙","78","78","外科","拔牙与拔牙创处理","","","{}","按牙及实际实施数量","","A","C","是","仅目录；临床规则未审，不可开单","14"
"add","013306020090001","拔牙创搔刮费—儿童（加收）","013306020090000","牙","9","9","外科","拔牙与拔牙创处理","","","{}","按牙及实际实施数量","","A","C","是","仅目录；临床规则未审，不可开单","14"
"add","013306020100001","阻生牙龈瓣修整费—儿童（加收）","013306020100000","牙","17","17","外科","拔牙与拔牙创处理","","","{}","按牙及实际实施数量","013306020060000","A","C","是","仅目录；临床规则未审，不可开单","15"
"add","013306020110001","预防性拔牙窝组织封闭费—儿童（加收）","013306020110000","牙","180","180","外科","拔牙与拔牙创处理","","","{}","按牙及实际实施数量","","A","C","是","仅目录；临床规则未审，不可开单","15"
"add","013306020120001","牙移植费—儿童（加收）","013306020120000","牙","66","66","外科","拔牙与拔牙创处理","","","{}","按牙及实际实施数量","","A","C","是","仅目录；临床规则未审，不可开单","15"
"extend","013306020120100","牙移植费—牙再植费（扩展）","013306020120000","牙","220","220","外科","拔牙与拔牙创处理","","","{}","按牙及实际实施数量","","A","C","是","仅目录；临床规则未审，不可开单","15"
"add","013306020130001","口腔良性肿物切除费—儿童（加收）","013306020130000","病灶","75","75","外科","其他口腔外科","","","{}","按病灶及实际实施数量","","A","C","是","仅目录；临床规则未审，不可开单","15"
"add","013306020130011","口腔良性肿物切除费—软组织缺损修复（加收）","013306020130000","病灶","250","250","外科","其他口腔外科","","","{}","按病灶及实际实施数量","","A","C","是","仅目录；临床规则未审，不可开单","15"
"add","013306020140001","口腔系带修整费—儿童（加收）","013306020140000","次","45","45","外科","其他口腔外科","","","{}","按次及实际实施数量","","A","C","是","仅目录；临床规则未审，不可开单","15"
"add","013306020150001","颌骨病变刮切费（口内）—儿童（加收）","013306020150000","次","279","279","外科","其他口腔外科","","","{}","按次及实际实施数量","","A","C","是","仅目录；临床规则未审，不可开单","16"
"add","013306020150011","颌骨病变刮切费（口内）—微动力辅助加收","013306020150000","次","600","540","外科","其他口腔外科","","","{}","按次及实际实施数量","","A","C","是","仅目录；临床规则未审，不可开单","16"
"add","013306020160001","颌骨病变刮切费（颌面部）—儿童（加收）","013306020160000","次","104","104","外科","其他口腔外科","","","{}","按次及实际实施数量","","A","C","是","仅目录；临床规则未审，不可开单","16"
"add","013306020160011","颌骨病变刮切费（颌面部）—微动力辅助加收","013306020160000","次","600","540","外科","其他口腔外科","","","{}","按次及实际实施数量","","A","C","是","仅目录；临床规则未审，不可开单","16"
"add","013306020170001","颌骨囊肿减压费—儿童（加收）","013306020170000","病灶","112","112","外科","其他口腔外科","","","{}","按病灶及实际实施数量","","A","C","是","仅目录；临床规则未审，不可开单","16"
"add","013306020180001","口腔牵引钉植入费—儿童（加收）","013306020180000","次","150","150","外科","其他口腔外科 / 正畸治疗","","","{}","按次及实际实施数量","","A","C","是","仅目录；临床规则未审，不可开单","16"
"add","013306020190001","口腔牵引钉取出费—儿童（加收）","013306020190000","次","4.5","4.5","外科","其他口腔外科 / 正畸治疗","","","{}","按次及实际实施数量","","A","C","是","仅目录；临床规则未审，不可开单","16"
"add","013306020200001","口腔骨突修整费—儿童（加收）","013306020200000","牙","37","37","外科","其他口腔外科","","","{}","按牙及实际实施数量","","A","C","是","仅目录；临床规则未审，不可开单","16"
"add","013306020200011","口腔骨突修整费—复杂骨突（加收）","013306020200000","牙","124","124","外科","其他口腔外科","","","{}","按牙及实际实施数量","","A","C","是","仅目录；临床规则未审，不可开单","16"
"add","013306020210001","牙槽突骨折复位固定费—儿童（加收）","013306020210000","牙","99","99","外科","其他口腔外科","","","{}","按牙及实际实施数量","","A","C","是","仅目录；临床规则未审，不可开单","17"
"add","013306020220001","黏膜切开引流费（口内）—儿童（加收）","013306020220000","次","8","8","外科","其他口腔外科","","","{}","按次及实际实施数量","","A","C","是","仅目录；临床规则未审，不可开单","17"
"add","013306020230001","黏膜切开引流费（颌面部）—儿童（加收）","013306020230000","次","52","52","外科","其他口腔外科","","","{}","按次及实际实施数量","","A","C","是","仅目录；临床规则未审，不可开单","17"
"add","013306020240001","下牙槽神经探查解剖费—儿童（加收）","013306020240000","次","188","188","外科","其他口腔外科","","","{}","按次及实际实施数量","","A","C","是","仅目录；临床规则未审，不可开单","17"
"add","013306020240011","下牙槽神经探查解剖费—牙种植体探查刮切探下牙槽神经移位（加收）","013306020240000","次","625","625","外科","其他口腔外科","","","{}","按次及实际实施数量","","A","C","是","仅目录；临床规则未审，不可开单","17"
"add","013306020250001","口腔上颌窦瘘修补费—儿童（加收）","013306020250000","单侧","165","165","外科","其他口腔外科","","","{}","按单侧及实际实施数量","","A","C","是","仅目录；临床规则未审，不可开单","17"
"add","013306020260001","口内游离软组织移植费—儿童（加收）","013306020260000","牙位","68","68","外科","其他口腔外科","","","{}","按牙位及实际实施数量","","A","C","是","仅目录；临床规则未审，不可开单","17"
"add","013306020270001","根面平整费—儿童（加收）","013306020270000","牙","7","7","外科","牙周基础治疗","","","{}","按牙及实际实施数量","013105010240000","A","C","是","仅目录；临床规则未审，不可开单","17"
"add","013306020280001","牙周翻瓣费—儿童（加收）","013306020280000","牙","36","36","外科","牙周手术","","","{}","按牙及实际实施数量","013306020270000","A","C","是","仅目录；临床规则未审，不可开单","18"
"add","013306020280011","牙周翻瓣费—复杂牙周翻瓣（加收）","013306020280000","牙","60","60","外科","牙周手术","","","{}","按牙及实际实施数量","013306020270000","A","C","是","仅目录；临床规则未审，不可开单","18"
"add","013306020290001","牙龈成形费—儿童（加收）","013306020290000","牙","33","33","外科","牙周手术","","","{}","按牙及实际实施数量","","A","C","是","仅目录；临床规则未审，不可开单","18"
"extend","013306020290100","牙龈成形费—一龈瓣切除费（扩展）","013306020290000","牙","110","110","外科","牙周手术","","","{}","按牙及实际实施数量","","A","C","是","仅目录；临床规则未审，不可开单","18"
"add","013306020300001","游离龈移植费—儿童（加收）","013306020300000","牙","150","150","外科","牙周手术","","","{}","按牙及实际实施数量","","A","C","是","仅目录；临床规则未审，不可开单","18"
"extend","013306020300100","游离龈移植费—上皮下结缔组织移植费（扩展）","013306020300000","牙","500","500","外科","牙周手术","","","{}","按牙及实际实施数量","","A","C","是","仅目录；临床规则未审，不可开单","18"
"add","013306020310001","引导性牙周组织再生费—儿童（加收）","013306020310000","牙","66","66","外科","牙周手术","","","{}","按牙及实际实施数量","","A","C","是","仅目录；临床规则未审，不可开单","18"
"add","013306020320001","牙周纤维环状切断费—儿童（加收）","013306020320000","牙","20","20","外科","牙周手术 / 正畸治疗","","","{}","按牙及实际实施数量","","A","C","是","仅目录；临床规则未审，不可开单","18"
"add","013306020330001","皮质骨切开费—儿童（加收）","013306020330000","牙","126","126","外科","其他口腔外科 / 正畸治疗","","","{}","按牙及实际实施数量","","A","C","是","仅目录；临床规则未审，不可开单","18"
"add","013306020330011","皮质骨切开费—舌侧（加收）","013306020330000","牙","420","420","外科","其他口腔外科 / 正畸治疗","","","{}","按牙及实际实施数量","","A","C","是","仅目录；临床规则未审，不可开单","18"
"add","013306020340001","唾液腺导管取石费—儿童（加收）","013306020340000","腺体·单侧","32","32","外科","黏膜与唾液腺治疗","","","{}","按腺体·单侧及实际实施数量","","A","C","是","仅目录；临床规则未审，不可开单","19"
"add","013306020350001","唾液腺导管治疗费—儿童（加收）","013306020350000","腺体·单侧","15","15","外科","黏膜与唾液腺治疗","","","{}","按腺体·单侧及实际实施数量","","A","C","是","仅目录；临床规则未审，不可开单","19"
